{"accuracy": [0.6377277374267578, 0.821007490158081, 0.8703108429908752, 0.8992497324943542, 0.9217577576637268, 0.9271168112754822, 0.9464094042778015, 0.9549839496612549, 0.971061110496521, 0.9699892997741699], "loss": [1.4296845197677612, 0.44007596373558044, 0.31222814321517944, 0.28932985663414, 0.20300598442554474, 0.19775602221488953, 0.16964739561080933, 0.14367492496967316, 0.09298434853553772, 0.06601102650165558], "val_accuracy": [0.8125, 0.746874988079071, 0.6812499761581421, 0.796875, 0.8218749761581421, 0.934374988079071, 0.934374988079071, 0.9375, 0.953125, 0.949999988079071], "val_loss": [0.576644241809845, 0.6504161953926086, 0.945259690284729, 0.5226227641105652, 0.4369601309299469, 0.18691544234752655, 0.17925165593624115, 0.20354075729846954, 0.1528281718492508, 0.22405031323432922]}